Categoria,Referencia_Local,Valor,Montaje,Cantidad,LCSC,Footprint_JLC,Z_Height
MCU,MCU_RP2350,RP2350,THT,1,9900174306,LCC-23_18x23.5mm,N/A
ADC,U_ADC,PCM1808,SMD,1,1557166,TSSOP-14,N/A
DAC,U_DAC,PCM5102A,SMD,1,9900003814,TSSOP-20,N/A
OPAMP,U1_TL072,TL072,THT,1,529228,DIP-8,N/A
OPAMP,U2_NE5532,NE5532,THT,1,5274829,DIP-8,N/A
OPAMP,U3_NJM4556A,NJM4556A,THT,1,2838125,DIP-8,N/A
IC,U4_LT1054,LT1054,THT,1,662001,PDIP-8,N/A
LDO,U5_AP2112K,AP2112K,SMD,1,460310,SOT-25,N/A
IC,U6_BUCK,Buck_StepDown_5V,THT,1,NOT_FOUND,MANUAL_REQUIRED,MANUAL_REQUIRED
IC,U7_HC14_A,74HC14,THT,1,2974582,DIP-14,N/A
IC,U7_HC14_B,74HC14,THT,1,2974582,DIP-14,N/A
IC,U8_HEF4053BT,HEF4053BT,SMD,1,52261128,SOP-16,N/A
RELE,K1_G5V1,G5V-1,THT,1,231375,"DIP,12.5x7.5mm",N/A
RELE,K2_G5V1,G5V-1,THT,1,231375,"DIP,12.5x7.5mm",N/A
JACK,JACK_IN_L,Jack_6.35mm,THT,1,NOT_FOUND,MANUAL_REQUIRED,MANUAL_REQUIRED
JACK,JACK_IN_R,Jack_6.35mm,THT,1,NOT_FOUND,MANUAL_REQUIRED,MANUAL_REQUIRED
JACK,JACK_OUT_L,Jack_6.35mm,THT,1,NOT_FOUND,MANUAL_REQUIRED,MANUAL_REQUIRED
JACK,JACK_OUT_R,Jack_6.35mm,THT,1,NOT_FOUND,MANUAL_REQUIRED,MANUAL_REQUIRED
JACK,JACK_HP,Jack_6.35mm,THT,1,NOT_FOUND,MANUAL_REQUIRED,MANUAL_REQUIRED
JACK,JACK_DC,JACK_DC,THT,1,NOT_FOUND,MANUAL_REQUIRED,MANUAL_REQUIRED
IC,Q1_2N3904,2N3904,THT,1,118538,TO-92,N/A
IC,Q2_IRLML6401,IRLML6401,SMD,1,236925,SOT-23,N/A
DIODO,D1_1N4148,1N4148,THT,1,13769,DO-35,N/A
DIODO,D2_1N4148,1N4148,THT,1,13769,DO-35,N/A
TVS,TVS_IN_L,P6KE18CA,THT,1,8926,DO-15,N/A
TVS,TVS_IN_R,P6KE18CA,THT,1,8926,DO-15,N/A
TVS,TVS_OUT_L,P6KE12CA,THT,1,8925,DO-15,N/A
TVS,TVS_OUT_R,P6KE12CA,THT,1,8925,DO-15,N/A
TVS,TVS_HP,P6KE12CA,THT,1,8925,DO-15,N/A
TVS,TVS_USB,CDSOD323-T05LC,SMD,1,NOT_FOUND,MANUAL_REQUIRED,MANUAL_REQUIRED
TVS,TVS_DC,SMAJ15A,SMD,1,NOT_FOUND,MANUAL_REQUIRED,MANUAL_REQUIRED
IC,LED_NEOPIXEL,WS2812B,SMD,8,9900004137,LED-4_5050,N/A
IC,OLED_SSD1306,SSD1306,THT,1,9900039960,直插，P=2.54mm,N/A
ENCODER,EC11,EC11,THT,4,9900016620,插件,N/A
IC,FS_SW,SW_SPST,THT,4,NOT_FOUND,MANUAL_REQUIRED,MANUAL_REQUIRED
RESISTOR,R_1k,1k,THT,12,NOT_FOUND,MANUAL_REQUIRED,MANUAL_REQUIRED
RESISTOR,R_10k,10k,THT,20,NOT_FOUND,MANUAL_REQUIRED,MANUAL_REQUIRED
RESISTOR,C_100n,100nF,THT,20,NOT_FOUND,MANUAL_REQUIRED,MANUAL_REQUIRED
IC,74HC14,74HC14,THT,2,2974582,DIP-14,N/A
RESISTOR,R1_DIV,15k,THT,2,9900077251,DIV30x2.5_SMT,N/A
RESISTOR,R2_DIV,4.7k,THT,2,9900077251,DIV30x2.5_SMT,N/A
RESISTOR,R_fb,470k,THT,2,NOT_FOUND,MANUAL_REQUIRED,MANUAL_REQUIRED
RESISTOR,R_iso,100,THT,2,NOT_FOUND,MANUAL_REQUIRED,MANUAL_REQUIRED
RESISTOR,R_iso_HP,22,THT,1,NOT_FOUND,MANUAL_REQUIRED,MANUAL_REQUIRED
RESISTOR,R_mix,10k,THT,2,NOT_FOUND,MANUAL_REQUIRED,MANUAL_REQUIRED
RESISTOR,R_base,1k,THT,2,NOT_FOUND,MANUAL_REQUIRED,MANUAL_REQUIRED
RESISTOR,R_pulldown_bypass,100k,THT,1,NOT_FOUND,MANUAL_REQUIRED,MANUAL_REQUIRED
RESISTOR,R_boost,20k,THT,1,NOT_FOUND,MANUAL_REQUIRED,MANUAL_REQUIRED
RESISTOR,R_data_neo,470,THT,1,NOT_FOUND,MANUAL_REQUIRED,MANUAL_REQUIRED
POTENCIOMETRO,POT_MASTER,10k,THT,1,9900009747,RES-ADJ-TH,N/A
POTENCIOMETRO,POT_EXPR,100k,THT,1,9900209680,Through hole,N/A
RESISTOR,R_PTC,PTC_500mA,THT,2,NOT_FOUND,MANUAL_REQUIRED,MANUAL_REQUIRED
CAPACITOR,C_in,10uF,THT,2,NOT_FOUND,MANUAL_REQUIRED,MANUAL_REQUIRED
CAPACITOR,C_in_byp,100nF,THT,2,NOT_FOUND,MANUAL_REQUIRED,MANUAL_REQUIRED
CAPACITOR,C_alias,1nF,THT,2,NOT_FOUND,MANUAL_REQUIRED,MANUAL_REQUIRED
CAPACITOR,C_block_ADC,10uF,THT,2,NOT_FOUND,MANUAL_REQUIRED,MANUAL_REQUIRED
CAPACITOR,C_out,10uF,THT,2,NOT_FOUND,MANUAL_REQUIRED,MANUAL_REQUIRED
CAPACITOR,C_hp,10uF,THT,1,NOT_FOUND,MANUAL_REQUIRED,MANUAL_REQUIRED
CAPACITOR,C_pump_LT,10uF,THT,1,NOT_FOUND,MANUAL_REQUIRED,MANUAL_REQUIRED
CAPACITOR,C_chgpump,2.2uF,THT,1,NOT_FOUND,MANUAL_REQUIRED,MANUAL_REQUIRED
CAPACITOR,C_esd,47pF,THT,5,NOT_FOUND,MANUAL_REQUIRED,MANUAL_REQUIRED
CAPACITOR,C_vref_adc,10uF,THT,1,NOT_FOUND,MANUAL_REQUIRED,MANUAL_REQUIRED
CAPACITOR,C_vcom_adc,10uF,THT,1,NOT_FOUND,MANUAL_REQUIRED,MANUAL_REQUIRED
CAPACITOR,C_vref_adc_byp,100nF,THT,1,NOT_FOUND,MANUAL_REQUIRED,MANUAL_REQUIRED
CAPACITOR,C_vcom_adc_byp,100nF,THT,1,NOT_FOUND,MANUAL_REQUIRED,MANUAL_REQUIRED
CAPACITOR,C_bp_ap2112,10nF,THT,1,NOT_FOUND,MANUAL_REQUIRED,MANUAL_REQUIRED
CAPACITOR,C_out_ap2112,4.7uF,THT,1,NOT_FOUND,MANUAL_REQUIRED,MANUAL_REQUIRED
CAPACITOR,C_deb,100nF,THT,16,NOT_FOUND,MANUAL_REQUIRED,MANUAL_REQUIRED
CAPACITOR,C_neo_bulk,100uF,THT,1,NOT_FOUND,MANUAL_REQUIRED,MANUAL_REQUIRED
CAPACITOR,C_dec_9v,10uF,THT,2,NOT_FOUND,MANUAL_REQUIRED,MANUAL_REQUIRED
CAPACITOR,C_dec_5v,10uF,THT,2,NOT_FOUND,MANUAL_REQUIRED,MANUAL_REQUIRED
CAPACITOR,C_dec_3v3,10uF,THT,2,NOT_FOUND,MANUAL_REQUIRED,MANUAL_REQUIRED
CAPACITOR,C_dec_ic,100nF,THT,12,NOT_FOUND,MANUAL_REQUIRED,MANUAL_REQUIRED
INDUCTOR,L1_4u7,4.7uH,THT,1,9900275692,C0201,N/A
INDUCTOR,FB_BLM18,BLM18,SMD,6,NOT_FOUND,MANUAL_REQUIRED,MANUAL_REQUIRED
